{
  "providers": {
    "awscloudformation": {
      "AuthRoleName": "amplify-reactapp-dev-160003-authRole",
      "UnauthRoleArn": "arn:aws:iam::271429086320:role/amplify-reactapp-dev-160003-unauthRole",
      "AuthRoleArn": "arn:aws:iam::271429086320:role/amplify-reactapp-dev-160003-authRole",
      "Region": "eu-west-3",
      "DeploymentBucketName": "amplify-reactapp-dev-160003-deployment",
      "UnauthRoleName": "amplify-reactapp-dev-160003-unauthRole",
      "StackName": "amplify-reactapp-dev-160003",
      "StackId": "arn:aws:cloudformation:eu-west-3:271429086320:stack/amplify-reactapp-dev-160003/9b779880-6123-11ee-8dd9-0ae0563598ae",
      "AmplifyAppId": "dqq7x3yxol60b"
    }
  },
  "auth": {
    "reactapp": {
      "service": "Cognito",
      "providerPlugin": "awscloudformation",
      "dependsOn": [],
      "customAuth": false,
      "frontendAuthConfig": {
        "socialProviders": [],
        "usernameAttributes": [],
        "signupAttributes": [],
        "passwordProtectionSettings": {
          "passwordPolicyMinLength": 6,
          "passwordPolicyCharacters": [
            "REQUIRES_LOWERCASE"
          ]
        },
        "mfaConfiguration": "OFF",
        "mfaTypes": [
          "SMS"
        ],
        "verificationMechanisms": [
          "EMAIL"
        ]
      },
      "providerMetadata": {
        "s3TemplateURL": "https://s3.amazonaws.com/amplify-reactapp-dev-160003-deployment/amplify-cfn-templates/auth/reactapp-cloudformation-template.json",
        "logicalId": "authreactapp"
      },
      "lastPushTimeStamp": "2023-10-02T13:56:26.939Z",
      "output": {
        "UserPoolId": "eu-west-3_3MImDAAn9",
        "AppClientIDWeb": "6t2ebm3rcgqdvbsgcft9dqni73",
        "AppClientID": "14nda8335uqgf89jnlh4h2epa3",
        "IdentityPoolId": "eu-west-3:c43ce550-4ea5-47cd-b86e-8e992ff85386",
        "UserPoolArn": "arn:aws:cognito-idp:eu-west-3:271429086320:userpool/eu-west-3_3MImDAAn9",
        "IdentityPoolName": "testAuthIdentityPool__dev",
        "UserPoolName": "reactapp"
      },
      "lastPushDirHash": "E3gRZXzA3aVTLQa/fPBmqUiTQ1U="
    }
  }
}