{
  "dev": {
    "awscloudformation": {
      "AuthRoleName": "amplify-reactapp-dev-160003-authRole",
      "UnauthRoleArn": "arn:aws:iam::271429086320:role/amplify-reactapp-dev-160003-unauthRole",
      "AuthRoleArn": "arn:aws:iam::271429086320:role/amplify-reactapp-dev-160003-authRole",
      "Region": "eu-west-3",
      "DeploymentBucketName": "amplify-reactapp-dev-160003-deployment",
      "UnauthRoleName": "amplify-reactapp-dev-160003-unauthRole",
      "StackName": "amplify-reactapp-dev-160003",
      "StackId": "arn:aws:cloudformation:eu-west-3:271429086320:stack/amplify-reactapp-dev-160003/9b779880-6123-11ee-8dd9-0ae0563598ae",
      "AmplifyAppId": "dqq7x3yxol60b"
    },
    "categories": {
      "auth": {
        "reactappcc317f0d": {},
        "reactapp": {}
      }
    }
  }
}